[
    {
        "username": "",
        "email": "",
        "password": "",
        "created_at": "2024-10-14T14:34:12.414912"
    },
    {
        "username": "",
        "email": "",
        "password": "",
        "created_at": "2024-10-14T14:34:12.756214"
    },
    {
        "username": "",
        "email": "",
        "password": "",
        "created_at": "2024-10-14T14:34:14.376305"
    },
    {
        "username": "",
        "email": "",
        "password": "",
        "created_at": "2024-10-14T14:34:14.593172"
    },
    {
        "username": "Alexander",
        "email": "assds",
        "password": "sdsd",
        "created_at": "2024-10-14T14:37:11.905153"
    },
    {
        "username": "Alexander",
        "email": "Al",
        "password": "sdsdm",
        "created_at": "2024-10-14T14:38:19.035687"
    },
    {
        "username": "Alexander",
        "email": "yojan.manosalva@upch",
        "password": "123456789",
        "created_at": "2024-10-14T16:58:29.708582"
    },
    {
        "username": "Alex",
        "email": "uno",
        "password": "12",
        "created_at": "2024-10-15T11:49:52.457552"
    },
    {
        "username": "Alex",
        "email": "yojan.manosalva",
        "password": "12",
        "created_at": "2024-10-15T11:52:49.536315"
    }
]